fname,lastname,age
Karim,Hassan,60
Karim,Hassan,60
Karim,Hassan,60
Karim,Hassan,60
Karim,Hassan,60
Karim,Hassan,60
Karim,Hassan,60
Karim,Hassan,60
Karim,Hassan,60
Karim,Hassan,60
Karim,Hassan,60
Karim,Hassan,60
Karim,Hassan,60
Karim,Hassan,60
Karim,Hassan,60
Karim,Hassan,60
Karim,Hassan,60
Karim,Hassan,60
Karim,Hassan,60
Karim,Hassan,60
Karim,Hassan,60
Karim,Hassan,60
Karim,Hassan,60
Karim,Hassan,60
Karim,Hassan,60
Karim,Hassan,60
Karim,Hassan,60
Karim,Hassan,60
Karim,Hassan,60
Karim,Hassan,60
Karim,Hassan,60
Karim,Hassan,60
Karim,Hassan,60
Karim,Hassan,60
Karim,Hassan,60
Karim,Hassan,60
Karim,Hassan,60
Karim,Hassan,60
Karim,Hassan,60
Karim,Hassan,60
Karim,Hassan,60
Karim,Hassan,60
Karim,Hassan,60
Karim,Hassan,60
Karim,Hassan,60
Karim,Hassan,60
Karim,Hassan,60
Karim,Hassan,60
Karim,Hassan,60
Karim,Hassan,60
Karim,Hassan,60
Karim,Hassan,60
Karim,Hassan,60
Karim,Hassan,60
Karim,Hassan,60
Karim,Hassan,60
Karim,Hassan,60
Karim,Hassan,60
Karim,Hassan,60
Karim,Hassan,60
Karim,Hassan,60
Karim,Hassan,60
Karim,Hassan,60
Karim,Hassan,60
Karim,Hassan,60
Karim,Hassan,60
Karim,Hassan,60
Karim,Hassan,60
Karim,Hassan,60
Karim,Hassan,60
Karim,Hassan,60
Karim,Hassan,60
Karim,Hassan,60
Karim,Hassan,60
Karim,Hassan,60
Karim,Hassan,60
Karim,Hassan,60
Karim,Hassan,60
Karim,Hassan,60
Karim,Hassan,60
Karim,Hassan,60
Karim,Hassan,60
Karim,Hassan,60
Karim,Hassan,60
Karim,Hassan,60
Karim,Hassan,60
Karim,Hassan,60
Karim,Hassan,60
Karim,Hassan,60
Karim,Hassan,60
Karim,Hassan,60
Karim,Hassan,60
Karim,Hassan,60
Karim,Hassan,60
Karim,Hassan,60
Karim,Hassan,60
Karim,Hassan,60
Karim,Hassan,60
Karim,Hassan,60
Karim,Hassan,60
Karim,Hassan,60
Karim,Hassan,60
Karim,Hassan,60
Karim,Hassan,60
Karim,Hassan,60
Karim,Hassan,60
Karim,Hassan,60
Karim,Hassan,60
Karim,Hassan,60
Karim,Hassan,60
Karim,Hassan,60
Karim,Hassan,60
Karim,Hassan,60
Karim,Hassan,60
Karim,Hassan,60
Karim,Hassan,60
Karim,Hassan,60
Karim,Hassan,60
Karim,Hassan,60
Karim,Hassan,60
Karim,Hassan,60
Karim,Hassan,60
Karim,Hassan,60
Karim,Hassan,60
Karim,Hassan,60
Karim,Hassan,60
Karim,Hassan,60
Karim,Hassan,60
Karim,Hassan,60
Karim,Hassan,60
Karim,Hassan,60
Karim,Hassan,60
Karim,Hassan,60
Karim,Hassan,60
Karim,Hassan,60
Karim,Hassan,60
Karim,Hassan,60
Karim,Hassan,60
Karim,Hassan,60
Karim,Hassan,60
Karim,Hassan,60
Karim,Hassan,60
Karim,Hassan,60
Karim,Hassan,60
Karim,Hassan,60
Karim,Hassan,60
Karim,Hassan,60
Karim,Hassan,60
Karim,Hassan,60
Karim,Hassan,60
Karim,Hassan,60
Karim,Hassan,60
Karim,Hassan,60
Karim,Hassan,60
Karim,Hassan,60
Karim,Hassan,60
Karim,Hassan,60
Karim,Hassan,60
Karim,Hassan,60
Karim,Hassan,60
Karim,Hassan,60
Karim,Hassan,60
Karim,Hassan,60
Karim,Hassan,60
Karim,Hassan,60
Karim,Hassan,60
Karim,Hassan,60
Karim,Hassan,60
Karim,Hassan,60
Karim,Hassan,60
Karim,Hassan,60
Karim,Hassan,60
Karim,Hassan,60
Karim,Hassan,60
Karim,Hassan,60
Karim,Hassan,60
Karim,Hassan,60
Karim,Hassan,60
Karim,Hassan,60
Karim,Hassan,60
Karim,Hassan,60
Karim,Hassan,60
Karim,Hassan,60
Karim,Hassan,60
Karim,Hassan,60
Karim,Hassan,60
Karim,Hassan,60
Karim,Hassan,60
Karim,Hassan,60
Karim,Hassan,60
Karim,Hassan,60
Karim,Hassan,60
Karim,Hassan,60
Karim,Hassan,60
Karim,Hassan,60
Karim,Hassan,60
Karim,Hassan,60
Karim,Hassan,60
Karim,Hassan,60
Karim,Hassan,60
Karim,Hassan,60
Karim,Hassan,60
Karim,Hassan,60
Karim,Hassan,60
Karim,Hassan,60
Karim,Hassan,60
Karim,Hassan,60
Karim,Hassan,60
Karim,Hassan,60
Karim,Hassan,60
Karim,Hassan,60
Karim,Hassan,60
Karim,Hassan,60
Karim,Hassan,60
Karim,Hassan,60
Karim,Hassan,60
Karim,Hassan,60
Karim,Hassan,60
Karim,Hassan,60
Karim,Hassan,60
Karim,Hassan,60
Karim,Hassan,60
Karim,Hassan,60
Karim,Hassan,60
Karim,Hassan,60
Karim,Hassan,60
Karim,Hassan,60
Karim,Hassan,60
Karim,Hassan,60
Karim,Hassan,60
Karim,Hassan,60
Karim,Hassan,60
Karim,Hassan,60
Karim,Hassan,60
Karim,Hassan,60
Karim,Hassan,60
Karim,Hassan,60
Karim,Hassan,60
Karim,Hassan,60
Karim,Hassan,60
Karim,Hassan,60
Karim,Hassan,60
Karim,Hassan,60
Karim,Hassan,60
Karim,Hassan,60
Karim,Hassan,60
Karim,Hassan,60
Karim,Hassan,60
Karim,Hassan,60
Karim,Hassan,60
Karim,Hassan,60
Karim,Hassan,60
Karim,Hassan,60
Karim,Hassan,60
Karim,Hassan,60
Karim,Hassan,60
Karim,Hassan,60
Karim,Hassan,60
Karim,Hassan,60
Karim,Hassan,60
Karim,Hassan,60
Karim,Hassan,60
Karim,Hassan,60
Karim,Hassan,60
Karim,Hassan,60
Karim,Hassan,60
Karim,Hassan,60
Karim,Hassan,60
Karim,Hassan,60
Karim,Hassan,60
Karim,Hassan,60
Karim,Hassan,60
Karim,Hassan,60
Karim,Hassan,60
Karim,Hassan,60
Karim,Hassan,60
Karim,Hassan,60
Karim,Hassan,60
Karim,Hassan,60
Karim,Hassan,60
Karim,Hassan,60
Karim,Hassan,60
Karim,Hassan,60
Karim,Hassan,60
Karim,Hassan,60
Karim,Hassan,60
Karim,Hassan,60
Karim,Hassan,60
Karim,Hassan,60
Karim,Hassan,60
Karim,Hassan,60
Karim,Hassan,60
Karim,Hassan,60
Karim,Hassan,60
Karim,Hassan,60
Karim,Hassan,60
Karim,Hassan,60
Karim,Hassan,60
Karim,Hassan,60
Karim,Hassan,60
Karim,Hassan,60
Karim,Hassan,60
Karim,Hassan,60
Karim,Hassan,60
Karim,Hassan,60
Karim,Hassan,60
Karim,Hassan,60
Karim,Hassan,60
Karim,Hassan,60
Karim,Hassan,60
Karim,Hassan,60
Karim,Hassan,60
Karim,Hassan,60
Karim,Hassan,60
Karim,Hassan,60
Karim,Hassan,60
Karim,Hassan,60
Karim,Hassan,60
Karim,Hassan,60
Karim,Hassan,60
Karim,Hassan,60
Karim,Hassan,60
Karim,Hassan,60
Karim,Hassan,60
Karim,Hassan,60
Karim,Hassan,60
Karim,Hassan,60
Karim,Hassan,60
Karim,Hassan,60
Karim,Hassan,60
Karim,Hassan,60
Karim,Hassan,60
Karim,Hassan,60
Karim,Hassan,60
Karim,Hassan,60
Karim,Hassan,60
Karim,Hassan,60
Karim,Hassan,60
Karim,Hassan,60
Karim,Hassan,60
Karim,Hassan,60
Karim,Hassan,60
Karim,Hassan,60
Karim,Hassan,60
Karim,Hassan,60
Karim,Hassan,60
Karim,Hassan,60
Karim,Hassan,60
Karim,Hassan,60
Karim,Hassan,60
Karim,Hassan,60
Karim,Hassan,60
Karim,Hassan,60
Karim,Hassan,60
Karim,Hassan,60
Karim,Hassan,60
Karim,Hassan,60
Karim,Hassan,60
Karim,Hassan,60
Karim,Hassan,60
Karim,Hassan,60
Karim,Hassan,60
Karim,Hassan,60
Karim,Hassan,60
Karim,Hassan,60
Karim,Hassan,60
Karim,Hassan,60
Karim,Hassan,60
Karim,Hassan,60
Karim,Hassan,60
Karim,Hassan,60
Karim,Hassan,60
Karim,Hassan,60
Karim,Hassan,60
Karim,Hassan,60
Karim,Hassan,60
Karim,Hassan,60
Karim,Hassan,60
Karim,Hassan,60
Karim,Hassan,60
Karim,Hassan,60
Karim,Hassan,60
Karim,Hassan,60
Karim,Hassan,60
Karim,Hassan,60
Karim,Hassan,60
Karim,Hassan,60
Karim,Hassan,60
Karim,Hassan,60
Karim,Hassan,60
Karim,Hassan,60
Karim,Hassan,60
Karim,Hassan,60
Karim,Hassan,60
Karim,Hassan,60
Karim,Hassan,60
Karim,Hassan,60
Karim,Hassan,60
Karim,Hassan,60
Karim,Hassan,60
Karim,Hassan,60
Karim,Hassan,60
Karim,Hassan,60
Karim,Hassan,60
Karim,Hassan,60
Karim,Hassan,60
Karim,Hassan,60
Karim,Hassan,60
Karim,Hassan,60
Karim,Hassan,60
Karim,Hassan,60
Karim,Hassan,60
Karim,Hassan,60
Karim,Hassan,60
Karim,Hassan,60
Karim,Hassan,60
Karim,Hassan,60
Karim,Hassan,60
Karim,Hassan,60
Karim,Hassan,60
Karim,Hassan,60
Karim,Hassan,60
Karim,Hassan,60
Karim,Hassan,60
Karim,Hassan,60
Karim,Hassan,60
Karim,Hassan,60
Karim,Hassan,60
Karim,Hassan,60
Karim,Hassan,60
Karim,Hassan,60
Karim,Hassan,60
Karim,Hassan,60
Karim,Hassan,60
Karim,Hassan,60
Karim,Hassan,60
Karim,Hassan,60
Karim,Hassan,60
Karim,Hassan,60
Karim,Hassan,60
Karim,Hassan,60
Karim,Hassan,60
Karim,Hassan,60
Karim,Hassan,60
Karim,Hassan,60
Karim,Hassan,60
Karim,Hassan,60
Karim,Hassan,60
Karim,Hassan,60
Karim,Hassan,60
Karim,Hassan,60
Karim,Hassan,60
Karim,Hassan,60
Karim,Hassan,60
Karim,Hassan,60
Karim,Hassan,60
Karim,Hassan,60
Karim,Hassan,60
Karim,Hassan,60
Karim,Hassan,60
Karim,Hassan,60
Karim,Hassan,60
Karim,Hassan,60
Karim,Hassan,60
Karim,Hassan,60
Karim,Hassan,60
Karim,Hassan,60
Karim,Hassan,60
Karim,Hassan,60
Karim,Hassan,60
Karim,Hassan,60
Karim,Hassan,60
Karim,Hassan,60
Karim,Hassan,60
Karim,Hassan,60
Karim,Hassan,60
Karim,Hassan,60
Karim,Hassan,60
Karim,Hassan,60
Karim,Hassan,60
Karim,Hassan,60
Karim,Hassan,60
Karim,Hassan,60
Karim,Hassan,60
Karim,Hassan,60
Karim,Hassan,60
Karim,Hassan,60
Karim,Hassan,60
Karim,Hassan,60
Karim,Hassan,60
Karim,Hassan,60
Karim,Hassan,60
Karim,Hassan,60
Karim,Hassan,60
Karim,Hassan,60
Karim,Hassan,60
Karim,Hassan,60
Karim,Hassan,60
Karim,Hassan,60
Karim,Hassan,60
Karim,Hassan,60
Karim,Hassan,60
Karim,Hassan,60
Karim,Hassan,60
Karim,Hassan,60
Karim,Hassan,60
Karim,Hassan,60
Karim,Hassan,60
Karim,Hassan,60
Karim,Hassan,60
Karim,Hassan,60
Karim,Hassan,60
Karim,Hassan,60
Karim,Hassan,60
Karim,Hassan,60
Karim,Hassan,60
Karim,Hassan,60
Karim,Hassan,60
Karim,Hassan,60
Karim,Hassan,60
Karim,Hassan,60
Karim,Hassan,60
Karim,Hassan,60
Karim,Hassan,60
Karim,Hassan,60
Karim,Hassan,60
Karim,Hassan,60
Karim,Hassan,60
Karim,Hassan,60
Karim,Hassan,60
Karim,Hassan,60
Karim,Hassan,60
Karim,Hassan,60
Karim,Hassan,60
Karim,Hassan,60
Karim,Hassan,60
Karim,Hassan,60
Karim,Hassan,60
Karim,Hassan,60
Karim,Hassan,60
Karim,Hassan,60
Karim,Hassan,60
Karim,Hassan,60
Karim,Hassan,60
Karim,Hassan,60
Karim,Hassan,60
Karim,Hassan,60
Karim,Hassan,60
Karim,Hassan,60
Karim,Hassan,60
Karim,Hassan,60
Karim,Hassan,60
Karim,Hassan,60
Karim,Hassan,60
Karim,Hassan,60
Karim,Hassan,60
Karim,Hassan,60
Karim,Hassan,60
Karim,Hassan,60
Karim,Hassan,60
Karim,Hassan,60
Karim,Hassan,60
Karim,Hassan,60
Karim,Hassan,60
Karim,Hassan,60
Karim,Hassan,60
Karim,Hassan,60
Karim,Hassan,60
Karim,Hassan,60
Karim,Hassan,60
Karim,Hassan,60
Karim,Hassan,60
Karim,Hassan,60
Karim,Hassan,60
Karim,Hassan,60
Karim,Hassan,60
Karim,Hassan,60
Karim,Hassan,60
Karim,Hassan,60
Karim,Hassan,60
Karim,Hassan,60
Karim,Hassan,60
Karim,Hassan,60
Karim,Hassan,60
Karim,Hassan,60
Karim,Hassan,60
Karim,Hassan,60
Karim,Hassan,60
Karim,Hassan,60
Karim,Hassan,60
Karim,Hassan,60
Karim,Hassan,60
Karim,Hassan,60
Karim,Hassan,60
Karim,Hassan,60
Karim,Hassan,60
Karim,Hassan,60
Karim,Hassan,60
Karim,Hassan,60
Karim,Hassan,60
